concept_0,year_0,yearly frequency_0,rank_0,level_0,concept historical total_0,yearly vis total_0,proportion_0,concept_1,year_1,yearly frequency_1,rank_1,level_1,concept historical total_1,yearly vis total_1,proportion_1,concept_2,year_2,yearly frequency_2,rank_2,level_2,concept historical total_2,yearly vis total_2,proportion_2,concept_3,year_3,yearly frequency_3,rank_3,level_3,concept historical total_3,yearly vis total_3,proportion_3
Computer science,1990,50,1,0,3198,52,0.9615384615384616,Artificial intelligence,1990,24,1,1,1936,52,0.46153846153846156,Visualization,1990,28,1,2,2036,52,0.5384615384615384,Data visualization,1990,23,1,3,1450,52,0.4423076923076923
Computer science,1991,47,1,0,3198,48,0.9791666666666666,Artificial intelligence,1991,17,1,1,1936,48,0.3541666666666667,Visualization,1991,31,1,2,2036,48,0.6458333333333334,Data visualization,1991,24,1,3,1450,48,0.5
Computer science,1992,51,1,0,3198,51,1.0,Artificial intelligence,1992,16,1,1,1936,51,0.3137254901960784,Visualization,1992,29,1,2,2036,51,0.5686274509803921,Data visualization,1992,25,1,3,1450,51,0.49019607843137253
Computer science,1993,54,1,0,3198,55,0.9818181818181818,Artificial intelligence,1993,16,1,1,1936,55,0.2909090909090909,Visualization,1993,30,1,2,2036,55,0.5454545454545454,Data visualization,1993,21,1,3,1450,55,0.38181818181818183
Computer science,1994,47,1,0,3198,52,0.9038461538461539,Artificial intelligence,1994,19,1,1,1936,52,0.36538461538461536,Visualization,1994,34,1,2,2036,52,0.6538461538461539,Data visualization,1994,22,1,3,1450,52,0.4230769230769231
Computer science,1995,72,1,0,3198,74,0.972972972972973,Artificial intelligence,1995,32,1,1,1936,74,0.43243243243243246,Visualization,1995,39,1,2,2036,74,0.527027027027027,Data visualization,1995,23,1,3,1450,74,0.3108108108108108
Computer science,1996,76,1,0,3198,77,0.987012987012987,Artificial intelligence,1996,33,1,1,1936,77,0.42857142857142855,Visualization,1996,41,1,2,2036,77,0.5324675324675324,Data visualization,1996,29,1,3,1450,77,0.37662337662337664
Computer science,1997,87,1,0,3198,88,0.9886363636363636,Artificial intelligence,1997,36,1,1,1936,88,0.4090909090909091,Visualization,1997,40,1,2,2036,88,0.45454545454545453,Data visualization,1997,30,1,3,1450,88,0.3409090909090909
Computer science,1998,88,1,0,3198,90,0.9777777777777777,Artificial intelligence,1998,45,1,1,1936,90,0.5,Visualization,1998,43,1,2,2036,90,0.4777777777777778,Data visualization,1998,29,1,3,1450,90,0.32222222222222224
Computer science,1999,86,1,0,3198,88,0.9772727272727273,Artificial intelligence,1999,35,1,1,1936,88,0.3977272727272727,Visualization,1999,40,1,2,2036,88,0.45454545454545453,Data visualization,1999,25,1,3,1450,88,0.2840909090909091
Computer science,2000,90,1,0,3198,92,0.9782608695652174,Artificial intelligence,2000,49,1,1,1936,92,0.532608695652174,Visualization,2000,48,1,2,2036,92,0.5217391304347826,Data visualization,2000,34,1,3,1450,92,0.3695652173913043
Computer science,2001,94,1,0,3198,96,0.9791666666666666,Artificial intelligence,2001,48,1,1,1936,96,0.5,Visualization,2001,39,1,2,2036,96,0.40625,Data visualization,2001,27,1,3,1450,96,0.28125
Computer science,2002,99,1,0,3198,101,0.9801980198019802,Artificial intelligence,2002,49,1,1,1936,101,0.48514851485148514,Visualization,2002,46,1,2,2036,101,0.45544554455445546,Data visualization,2002,28,1,3,1450,101,0.27722772277227725
Computer science,2003,99,1,0,3198,102,0.9705882352941176,Artificial intelligence,2003,63,1,1,1936,102,0.6176470588235294,Visualization,2003,42,1,2,2036,102,0.4117647058823529,Data visualization,2003,29,1,3,1450,102,0.28431372549019607
Computer science,2004,94,1,0,3198,97,0.9690721649484536,Artificial intelligence,2004,46,1,1,1936,97,0.4742268041237113,Visualization,2004,47,1,2,2036,97,0.4845360824742268,Data visualization,2004,22,1,3,1450,97,0.2268041237113402
Computer science,2005,119,1,0,3198,119,1.0,Artificial intelligence,2005,51,1,1,1936,119,0.42857142857142855,Visualization,2005,59,1,2,2036,119,0.4957983193277311,Data visualization,2005,36,1,3,1450,119,0.3025210084033613
Computer science,2006,113,1,0,3198,113,1.0,Artificial intelligence,2006,65,1,1,1936,113,0.5752212389380531,Visualization,2006,86,1,2,2036,113,0.7610619469026548,Data visualization,2006,58,1,3,1450,113,0.5132743362831859
Computer science,2007,107,1,0,3198,107,1.0,Artificial intelligence,2007,71,1,1,1936,107,0.6635514018691588,Visualization,2007,83,1,2,2036,107,0.7757009345794392,Data visualization,2007,61,1,3,1450,107,0.5700934579439252
Computer science,2008,99,1,0,3198,99,1.0,Artificial intelligence,2008,71,1,1,1936,99,0.7171717171717171,Visualization,2008,71,1,2,2036,99,0.7171717171717171,Data visualization,2008,54,1,3,1450,99,0.5454545454545454
Computer science,2009,117,1,0,3198,117,1.0,Artificial intelligence,2009,81,1,1,1936,117,0.6923076923076923,Visualization,2009,82,1,2,2036,117,0.7008547008547008,Data visualization,2009,61,1,3,1450,117,0.5213675213675214
Computer science,2010,109,1,0,3198,109,1.0,Artificial intelligence,2010,76,1,1,1936,109,0.6972477064220184,Visualization,2010,76,1,2,2036,109,0.6972477064220184,Data visualization,2010,59,1,3,1450,109,0.5412844036697247
Computer science,2011,119,1,0,3198,119,1.0,Artificial intelligence,2011,86,1,1,1936,119,0.7226890756302521,Visualization,2011,83,1,2,2036,119,0.6974789915966386,Data visualization,2011,62,1,3,1450,119,0.5210084033613446
Computer science,2012,116,1,0,3198,116,1.0,Artificial intelligence,2012,83,1,1,1936,116,0.7155172413793104,Visualization,2012,86,1,2,2036,116,0.7413793103448276,Data visualization,2012,66,1,3,1450,116,0.5689655172413793
Computer science,2013,101,1,0,3198,101,1.0,Artificial intelligence,2013,76,1,1,1936,101,0.7524752475247525,Visualization,2013,78,1,2,2036,101,0.7722772277227723,Data visualization,2013,63,1,3,1450,101,0.6237623762376238
Computer science,2014,132,1,0,3198,132,1.0,Artificial intelligence,2014,84,1,1,1936,132,0.6363636363636364,Visualization,2014,90,1,2,2036,132,0.6818181818181818,Data visualization,2014,68,1,3,1450,132,0.5151515151515151
Computer science,2015,126,1,0,3198,127,0.9921259842519685,Artificial intelligence,2015,93,1,1,1936,127,0.7322834645669292,Visualization,2015,95,1,2,2036,127,0.7480314960629921,Data visualization,2015,66,1,3,1450,127,0.5196850393700787
Computer science,2016,114,1,0,3198,115,0.991304347826087,Artificial intelligence,2016,81,1,1,1936,115,0.7043478260869566,Visualization,2016,86,1,2,2036,115,0.7478260869565218,Data visualization,2016,65,1,3,1450,115,0.5652173913043478
Computer science,2017,114,1,0,3198,114,1.0,Artificial intelligence,2017,92,1,1,1936,114,0.8070175438596491,Visualization,2017,87,1,2,2036,114,0.7631578947368421,Data visualization,2017,63,1,3,1450,114,0.5526315789473685
Computer science,2018,127,1,0,3198,127,1.0,Artificial intelligence,2018,92,1,1,1936,127,0.7244094488188977,Visualization,2018,94,1,2,2036,127,0.7401574803149606,Data visualization,2018,72,1,3,1450,127,0.5669291338582677
Computer science,2019,128,1,0,3198,129,0.9922480620155039,Artificial intelligence,2019,93,1,1,1936,129,0.7209302325581395,Visualization,2019,90,1,2,2036,129,0.6976744186046512,Data visualization,2019,63,1,3,1450,129,0.4883720930232558
Computer science,2020,157,1,0,3198,157,1.0,Artificial intelligence,2020,108,1,1,1936,157,0.6878980891719745,Visualization,2020,108,1,2,2036,157,0.6878980891719745,Data visualization,2020,76,1,3,1450,157,0.4840764331210191
Computer science,2021,166,1,0,3198,169,0.9822485207100592,Artificial intelligence,2021,105,1,1,1936,169,0.621301775147929,Visualization,2021,105,1,2,2036,169,0.621301775147929,Data visualization,2021,66,1,3,1450,169,0.3905325443786982
Mathematics,1990,5,2,0,187,52,0.09615384615384616,Computer vision,1990,12,2,1,701,52,0.23076923076923078,Rendering (computer graphics),1990,10,2,2,522,52,0.19230769230769232,Visual analytics,1990,12,2,3,825,52,0.23076923076923078
Mathematics,1991,2,2,0,187,48,0.041666666666666664,Computer vision,1991,11,2,1,701,48,0.22916666666666666,Rendering (computer graphics),1991,4,2,2,522,48,0.08333333333333333,Visual analytics,1991,7,2,3,825,48,0.14583333333333334
Mathematics,1992,4,2,0,187,51,0.0784313725490196,Computer vision,1992,11,2,1,701,51,0.21568627450980393,Rendering (computer graphics),1992,11,2,2,522,51,0.21568627450980393,Visual analytics,1992,3,2,3,825,51,0.058823529411764705
Mathematics,1993,5,2,0,187,55,0.09090909090909091,Computer vision,1993,14,2,1,701,55,0.2545454545454545,Rendering (computer graphics),1993,8,2,2,522,55,0.14545454545454545,Visual analytics,1993,3,2,3,825,55,0.05454545454545454
Mathematics,1994,8,2,0,187,52,0.15384615384615385,Computer vision,1994,10,2,1,701,52,0.19230769230769232,Rendering (computer graphics),1994,8,2,2,522,52,0.15384615384615385,Visual analytics,1994,2,2,3,825,52,0.038461538461538464
Mathematics,1995,8,2,0,187,74,0.10810810810810811,Computer vision,1995,16,2,1,701,74,0.21621621621621623,Rendering (computer graphics),1995,8,2,2,522,74,0.10810810810810811,Visual analytics,1995,7,2,3,825,74,0.0945945945945946
Mathematics,1996,8,2,0,187,77,0.1038961038961039,Computer vision,1996,20,2,1,701,77,0.2597402597402597,Rendering (computer graphics),1996,18,2,2,522,77,0.23376623376623376,Visual analytics,1996,3,2,3,825,77,0.03896103896103896
Mathematics,1997,12,2,0,187,88,0.13636363636363635,Computer vision,1997,19,2,1,701,88,0.2159090909090909,Rendering (computer graphics),1997,12,2,2,522,88,0.13636363636363635,Visual analytics,1997,9,2,3,825,88,0.10227272727272728
Mathematics,1998,12,2,0,187,90,0.13333333333333333,Computer vision,1998,23,2,1,701,90,0.25555555555555554,Rendering (computer graphics),1998,13,2,2,522,90,0.14444444444444443,Visual analytics,1998,7,2,3,825,90,0.07777777777777778
Mathematics,1999,14,2,0,187,88,0.1590909090909091,Computer vision,1999,20,2,1,701,88,0.22727272727272727,Rendering (computer graphics),1999,15,2,2,522,88,0.17045454545454544,Visual analytics,1999,5,2,3,825,88,0.056818181818181816
Mathematics,2000,9,2,0,187,92,0.09782608695652174,Computer vision,2000,30,2,1,701,92,0.32608695652173914,Rendering (computer graphics),2000,15,2,2,522,92,0.16304347826086957,Visual analytics,2000,7,2,3,825,92,0.07608695652173914
Mathematics,2001,12,2,0,187,96,0.125,Computer vision,2001,28,2,1,701,96,0.2916666666666667,Rendering (computer graphics),2001,17,2,2,522,96,0.17708333333333334,Visual analytics,2001,6,2,3,825,96,0.0625
Mathematics,2002,11,2,0,187,101,0.10891089108910891,Computer vision,2002,34,2,1,701,101,0.33663366336633666,Rendering (computer graphics),2002,23,2,2,522,101,0.22772277227722773,Visual analytics,2002,9,2,3,825,101,0.0891089108910891
Mathematics,2003,11,2,0,187,102,0.10784313725490197,Computer vision,2003,43,2,1,701,102,0.4215686274509804,Rendering (computer graphics),2003,22,2,2,522,102,0.21568627450980393,Visual analytics,2003,6,2,3,825,102,0.058823529411764705
Mathematics,2004,16,2,0,187,97,0.16494845360824742,Computer vision,2004,29,2,1,701,97,0.29896907216494845,Rendering (computer graphics),2004,17,2,2,522,97,0.17525773195876287,Visual analytics,2004,7,2,3,825,97,0.07216494845360824
Mathematics,2005,11,2,0,187,119,0.09243697478991597,Computer vision,2005,24,2,1,701,119,0.20168067226890757,Rendering (computer graphics),2005,22,2,2,522,119,0.18487394957983194,Visual analytics,2005,10,2,3,825,119,0.08403361344537816
Mathematics,2006,2,2,0,187,113,0.017699115044247787,Computer vision,2006,26,2,1,701,113,0.23008849557522124,Rendering (computer graphics),2006,36,2,2,522,113,0.3185840707964602,Visual analytics,2006,35,2,3,825,113,0.30973451327433627
Mathematics,2007,3,2,0,187,107,0.028037383177570093,Computer vision,2007,28,2,1,701,107,0.2616822429906542,Rendering (computer graphics),2007,28,2,2,522,107,0.2616822429906542,Visual analytics,2007,37,2,3,825,107,0.34579439252336447
Mathematics,2008,2,2,0,187,99,0.020202020202020204,Computer vision,2008,20,2,1,701,99,0.20202020202020202,Rendering (computer graphics),2008,13,2,2,522,99,0.13131313131313133,Visual analytics,2008,34,2,3,825,99,0.3434343434343434
Mathematics,2009,1,2,0,187,117,0.008547008547008548,Computer vision,2009,28,2,1,701,117,0.23931623931623933,Rendering (computer graphics),2009,23,2,2,522,117,0.19658119658119658,Visual analytics,2009,34,2,3,825,117,0.2905982905982906
Mathematics,2010,1,2,0,187,109,0.009174311926605505,Computer vision,2010,22,2,1,701,109,0.2018348623853211,Rendering (computer graphics),2010,19,2,2,522,109,0.1743119266055046,Visual analytics,2010,31,2,3,825,109,0.28440366972477066
Mathematics,2011,5,2,0,187,119,0.04201680672268908,Computer vision,2011,28,2,1,701,119,0.23529411764705882,Rendering (computer graphics),2011,21,2,2,522,119,0.17647058823529413,Visual analytics,2011,35,2,3,825,119,0.29411764705882354
Mathematics,2012,2,2,0,187,116,0.017241379310344827,Computer vision,2012,24,2,1,701,116,0.20689655172413793,Rendering (computer graphics),2012,21,2,2,522,116,0.1810344827586207,Visual analytics,2012,49,2,3,825,116,0.4224137931034483
Mathematics,2013,3,2,0,187,101,0.0297029702970297,Computer vision,2013,26,2,1,701,101,0.25742574257425743,Rendering (computer graphics),2013,17,2,2,522,101,0.16831683168316833,Visual analytics,2013,41,2,3,825,101,0.40594059405940597
Mathematics,2014,5,2,0,187,132,0.03787878787878788,Computer vision,2014,25,2,1,701,132,0.1893939393939394,Rendering (computer graphics),2014,13,2,2,522,132,0.09848484848484848,Visual analytics,2014,56,2,3,825,132,0.42424242424242425
Mathematics,2015,2,2,0,187,127,0.015748031496062992,Computer vision,2015,24,2,1,701,127,0.1889763779527559,Rendering (computer graphics),2015,17,2,2,522,127,0.13385826771653545,Visual analytics,2015,49,2,3,825,127,0.3858267716535433
Mathematics,2016,2,2,0,187,115,0.017391304347826087,Computer vision,2016,20,2,1,701,115,0.17391304347826086,Rendering (computer graphics),2016,15,2,2,522,115,0.13043478260869565,Visual analytics,2016,47,2,3,825,115,0.40869565217391307
Mathematics,2017,1,2,0,187,114,0.008771929824561403,Computer vision,2017,16,2,1,701,114,0.14035087719298245,Rendering (computer graphics),2017,14,2,2,522,114,0.12280701754385964,Visual analytics,2017,51,2,3,825,114,0.4473684210526316
Mathematics,2018,1,2,0,187,127,0.007874015748031496,Computer vision,2018,21,2,1,701,127,0.16535433070866143,Rendering (computer graphics),2018,15,2,2,522,127,0.11811023622047244,Visual analytics,2018,52,2,3,825,127,0.4094488188976378
Mathematics,2019,2,2,0,187,129,0.015503875968992248,Computer vision,2019,12,2,1,701,129,0.09302325581395349,Rendering (computer graphics),2019,14,2,2,522,129,0.10852713178294573,Visual analytics,2019,53,2,3,825,129,0.4108527131782946
Mathematics,2020,2,2,0,187,157,0.012738853503184714,Computer vision,2020,18,2,1,701,157,0.11464968152866242,Rendering (computer graphics),2020,18,2,2,522,157,0.11464968152866242,Visual analytics,2020,66,2,3,825,157,0.42038216560509556
Mathematics,2021,5,2,0,187,169,0.029585798816568046,Computer vision,2021,19,2,1,701,169,0.11242603550295859,Rendering (computer graphics),2021,15,2,2,522,169,0.08875739644970414,Visual analytics,2021,52,2,3,825,169,0.3076923076923077
Physics,1990,3,3,0,85,52,0.057692307692307696,Computer graphics (images),1990,19,3,1,689,52,0.36538461538461536,Pattern recognition (psychology),1990,2,3,2,279,52,0.038461538461538464,Interactive visualization,1990,17,3,3,791,52,0.3269230769230769
Physics,1991,0,3,0,85,48,0.0,Computer graphics (images),1991,12,3,1,689,48,0.25,Pattern recognition (psychology),1991,2,3,2,279,48,0.041666666666666664,Interactive visualization,1991,18,3,3,791,48,0.375
Physics,1992,5,3,0,85,51,0.09803921568627451,Computer graphics (images),1992,18,3,1,689,51,0.35294117647058826,Pattern recognition (psychology),1992,1,3,2,279,51,0.0196078431372549,Interactive visualization,1992,16,3,3,791,51,0.3137254901960784
Physics,1993,2,3,0,85,55,0.03636363636363636,Computer graphics (images),1993,15,3,1,689,55,0.2727272727272727,Pattern recognition (psychology),1993,1,3,2,279,55,0.01818181818181818,Interactive visualization,1993,14,3,3,791,55,0.2545454545454545
Physics,1994,8,3,0,85,52,0.15384615384615385,Computer graphics (images),1994,15,3,1,689,52,0.28846153846153844,Pattern recognition (psychology),1994,1,3,2,279,52,0.019230769230769232,Interactive visualization,1994,13,3,3,791,52,0.25
Physics,1995,2,3,0,85,74,0.02702702702702703,Computer graphics (images),1995,14,3,1,689,74,0.1891891891891892,Pattern recognition (psychology),1995,4,3,2,279,74,0.05405405405405406,Interactive visualization,1995,14,3,3,791,74,0.1891891891891892
Physics,1996,3,3,0,85,77,0.03896103896103896,Computer graphics (images),1996,20,3,1,689,77,0.2597402597402597,Pattern recognition (psychology),1996,4,3,2,279,77,0.05194805194805195,Interactive visualization,1996,18,3,3,791,77,0.23376623376623376
Physics,1997,5,3,0,85,88,0.056818181818181816,Computer graphics (images),1997,26,3,1,689,88,0.29545454545454547,Pattern recognition (psychology),1997,6,3,2,279,88,0.06818181818181818,Interactive visualization,1997,16,3,3,791,88,0.18181818181818182
Physics,1998,4,3,0,85,90,0.044444444444444446,Computer graphics (images),1998,21,3,1,689,90,0.23333333333333334,Pattern recognition (psychology),1998,10,3,2,279,90,0.1111111111111111,Interactive visualization,1998,19,3,3,791,90,0.2111111111111111
Physics,1999,4,3,0,85,88,0.045454545454545456,Computer graphics (images),1999,22,3,1,689,88,0.25,Pattern recognition (psychology),1999,6,3,2,279,88,0.06818181818181818,Interactive visualization,1999,16,3,3,791,88,0.18181818181818182
Physics,2000,3,3,0,85,92,0.03260869565217391,Computer graphics (images),2000,25,3,1,689,92,0.2717391304347826,Pattern recognition (psychology),2000,6,3,2,279,92,0.06521739130434782,Interactive visualization,2000,20,3,3,791,92,0.21739130434782608
Physics,2001,0,3,0,85,96,0.0,Computer graphics (images),2001,24,3,1,689,96,0.25,Pattern recognition (psychology),2001,9,3,2,279,96,0.09375,Interactive visualization,2001,17,3,3,791,96,0.17708333333333334
Physics,2002,4,3,0,85,101,0.039603960396039604,Computer graphics (images),2002,36,3,1,689,101,0.3564356435643564,Pattern recognition (psychology),2002,7,3,2,279,101,0.06930693069306931,Interactive visualization,2002,26,3,3,791,101,0.25742574257425743
Physics,2003,3,3,0,85,102,0.029411764705882353,Computer graphics (images),2003,35,3,1,689,102,0.3431372549019608,Pattern recognition (psychology),2003,7,3,2,279,102,0.06862745098039216,Interactive visualization,2003,16,3,3,791,102,0.1568627450980392
Physics,2004,8,3,0,85,97,0.08247422680412371,Computer graphics (images),2004,24,3,1,689,97,0.24742268041237114,Pattern recognition (psychology),2004,8,3,2,279,97,0.08247422680412371,Interactive visualization,2004,15,3,3,791,97,0.15463917525773196
Physics,2005,8,3,0,85,119,0.06722689075630252,Computer graphics (images),2005,36,3,1,689,119,0.3025210084033613,Pattern recognition (psychology),2005,10,3,2,279,119,0.08403361344537816,Interactive visualization,2005,17,3,3,791,119,0.14285714285714285
Physics,2006,2,3,0,85,113,0.017699115044247787,Computer graphics (images),2006,29,3,1,689,113,0.25663716814159293,Pattern recognition (psychology),2006,7,3,2,279,113,0.061946902654867256,Interactive visualization,2006,32,3,3,791,113,0.2831858407079646
Physics,2007,4,3,0,85,107,0.037383177570093455,Computer graphics (images),2007,24,3,1,689,107,0.22429906542056074,Pattern recognition (psychology),2007,6,3,2,279,107,0.056074766355140186,Interactive visualization,2007,38,3,3,791,107,0.35514018691588783
Physics,2008,0,3,0,85,99,0.0,Computer graphics (images),2008,18,3,1,689,99,0.18181818181818182,Pattern recognition (psychology),2008,10,3,2,279,99,0.10101010101010101,Interactive visualization,2008,29,3,3,791,99,0.29292929292929293
Physics,2009,1,3,0,85,117,0.008547008547008548,Computer graphics (images),2009,25,3,1,689,117,0.21367521367521367,Pattern recognition (psychology),2009,14,3,2,279,117,0.11965811965811966,Interactive visualization,2009,32,3,3,791,117,0.27350427350427353
Physics,2010,0,3,0,85,109,0.0,Computer graphics (images),2010,21,3,1,689,109,0.1926605504587156,Pattern recognition (psychology),2010,10,3,2,279,109,0.09174311926605505,Interactive visualization,2010,30,3,3,791,109,0.27522935779816515
Physics,2011,3,3,0,85,119,0.025210084033613446,Computer graphics (images),2011,26,3,1,689,119,0.2184873949579832,Pattern recognition (psychology),2011,10,3,2,279,119,0.08403361344537816,Interactive visualization,2011,28,3,3,791,119,0.23529411764705882
Physics,2012,1,3,0,85,116,0.008620689655172414,Computer graphics (images),2012,23,3,1,689,116,0.19827586206896552,Pattern recognition (psychology),2012,11,3,2,279,116,0.09482758620689655,Interactive visualization,2012,38,3,3,791,116,0.3275862068965517
Physics,2013,0,3,0,85,101,0.0,Computer graphics (images),2013,21,3,1,689,101,0.2079207920792079,Pattern recognition (psychology),2013,12,3,2,279,101,0.1188118811881188,Interactive visualization,2013,30,3,3,791,101,0.297029702970297
Physics,2014,2,3,0,85,132,0.015151515151515152,Computer graphics (images),2014,16,3,1,689,132,0.12121212121212122,Pattern recognition (psychology),2014,10,3,2,279,132,0.07575757575757576,Interactive visualization,2014,31,3,3,791,132,0.23484848484848486
Physics,2015,4,3,0,85,127,0.031496062992125984,Computer graphics (images),2015,17,3,1,689,127,0.13385826771653545,Pattern recognition (psychology),2015,11,3,2,279,127,0.08661417322834646,Interactive visualization,2015,31,3,3,791,127,0.2440944881889764
Physics,2016,0,3,0,85,115,0.0,Computer graphics (images),2016,20,3,1,689,115,0.17391304347826086,Pattern recognition (psychology),2016,13,3,2,279,115,0.11304347826086956,Interactive visualization,2016,36,3,3,791,115,0.3130434782608696
Physics,2017,1,3,0,85,114,0.008771929824561403,Computer graphics (images),2017,15,3,1,689,114,0.13157894736842105,Pattern recognition (psychology),2017,12,3,2,279,114,0.10526315789473684,Interactive visualization,2017,30,3,3,791,114,0.2631578947368421
Physics,2018,1,3,0,85,127,0.007874015748031496,Computer graphics (images),2018,18,3,1,689,127,0.14173228346456693,Pattern recognition (psychology),2018,19,3,2,279,127,0.14960629921259844,Interactive visualization,2018,39,3,3,791,127,0.30708661417322836
Physics,2019,1,3,0,85,129,0.007751937984496124,Computer graphics (images),2019,12,3,1,689,129,0.09302325581395349,Pattern recognition (psychology),2019,15,3,2,279,129,0.11627906976744186,Interactive visualization,2019,33,3,3,791,129,0.2558139534883721
Physics,2020,1,3,0,85,157,0.006369426751592357,Computer graphics (images),2020,22,3,1,689,157,0.14012738853503184,Pattern recognition (psychology),2020,17,3,2,279,157,0.10828025477707007,Interactive visualization,2020,29,3,3,791,157,0.18471337579617833
Physics,2021,2,3,0,85,169,0.011834319526627219,Computer graphics (images),2021,20,3,1,689,169,0.11834319526627218,Pattern recognition (psychology),2021,18,3,2,279,169,0.10650887573964497,Interactive visualization,2021,33,3,3,791,169,0.1952662721893491
Materials science,1990,3,4,0,65,52,0.057692307692307696,Human–computer interaction,1990,10,4,1,608,52,0.19230769230769232,Computer graphics,1990,14,4,2,251,52,0.2692307692307692,Information visualization,1990,14,4,3,438,52,0.2692307692307692
Materials science,1991,4,4,0,65,48,0.08333333333333333,Human–computer interaction,1991,7,4,1,608,48,0.14583333333333334,Computer graphics,1991,4,4,2,251,48,0.08333333333333333,Information visualization,1991,11,4,3,438,48,0.22916666666666666
Materials science,1992,2,4,0,65,51,0.0392156862745098,Human–computer interaction,1992,5,4,1,608,51,0.09803921568627451,Computer graphics,1992,3,4,2,251,51,0.058823529411764705,Information visualization,1992,8,4,3,438,51,0.1568627450980392
Materials science,1993,2,4,0,65,55,0.03636363636363636,Human–computer interaction,1993,6,4,1,608,55,0.10909090909090909,Computer graphics,1993,5,4,2,251,55,0.09090909090909091,Information visualization,1993,4,4,3,438,55,0.07272727272727272
Materials science,1994,2,4,0,65,52,0.038461538461538464,Human–computer interaction,1994,3,4,1,608,52,0.057692307692307696,Computer graphics,1994,8,4,2,251,52,0.15384615384615385,Information visualization,1994,4,4,3,438,52,0.07692307692307693
Materials science,1995,2,4,0,65,74,0.02702702702702703,Human–computer interaction,1995,10,4,1,608,74,0.13513513513513514,Computer graphics,1995,6,4,2,251,74,0.08108108108108109,Information visualization,1995,10,4,3,438,74,0.13513513513513514
Materials science,1996,4,4,0,65,77,0.05194805194805195,Human–computer interaction,1996,12,4,1,608,77,0.15584415584415584,Computer graphics,1996,3,4,2,251,77,0.03896103896103896,Information visualization,1996,7,4,3,438,77,0.09090909090909091
Materials science,1997,2,4,0,65,88,0.022727272727272728,Human–computer interaction,1997,13,4,1,608,88,0.14772727272727273,Computer graphics,1997,4,4,2,251,88,0.045454545454545456,Information visualization,1997,12,4,3,438,88,0.13636363636363635
Materials science,1998,3,4,0,65,90,0.03333333333333333,Human–computer interaction,1998,12,4,1,608,90,0.13333333333333333,Computer graphics,1998,3,4,2,251,90,0.03333333333333333,Information visualization,1998,8,4,3,438,90,0.08888888888888889
Materials science,1999,3,4,0,65,88,0.03409090909090909,Human–computer interaction,1999,11,4,1,608,88,0.125,Computer graphics,1999,6,4,2,251,88,0.06818181818181818,Information visualization,1999,6,4,3,438,88,0.06818181818181818
Materials science,2000,2,4,0,65,92,0.021739130434782608,Human–computer interaction,2000,19,4,1,608,92,0.20652173913043478,Computer graphics,2000,4,4,2,251,92,0.043478260869565216,Information visualization,2000,11,4,3,438,92,0.11956521739130435
Materials science,2001,2,4,0,65,96,0.020833333333333332,Human–computer interaction,2001,12,4,1,608,96,0.125,Computer graphics,2001,4,4,2,251,96,0.041666666666666664,Information visualization,2001,4,4,3,438,96,0.041666666666666664
Materials science,2002,1,4,0,65,101,0.009900990099009901,Human–computer interaction,2002,13,4,1,608,101,0.12871287128712872,Computer graphics,2002,10,4,2,251,101,0.09900990099009901,Information visualization,2002,12,4,3,438,101,0.1188118811881188
Materials science,2003,4,4,0,65,102,0.0392156862745098,Human–computer interaction,2003,9,4,1,608,102,0.08823529411764706,Computer graphics,2003,10,4,2,251,102,0.09803921568627451,Information visualization,2003,4,4,3,438,102,0.0392156862745098
Materials science,2004,3,4,0,65,97,0.030927835051546393,Human–computer interaction,2004,14,4,1,608,97,0.14432989690721648,Computer graphics,2004,3,4,2,251,97,0.030927835051546393,Information visualization,2004,6,4,3,438,97,0.061855670103092786
Materials science,2005,5,4,0,65,119,0.04201680672268908,Human–computer interaction,2005,14,4,1,608,119,0.11764705882352941,Computer graphics,2005,4,4,2,251,119,0.03361344537815126,Information visualization,2005,8,4,3,438,119,0.06722689075630252
Materials science,2006,4,4,0,65,113,0.035398230088495575,Human–computer interaction,2006,13,4,1,608,113,0.11504424778761062,Computer graphics,2006,16,4,2,251,113,0.1415929203539823,Information visualization,2006,17,4,3,438,113,0.1504424778761062
Materials science,2007,2,4,0,65,107,0.018691588785046728,Human–computer interaction,2007,24,4,1,608,107,0.22429906542056074,Computer graphics,2007,15,4,2,251,107,0.14018691588785046,Information visualization,2007,22,4,3,438,107,0.205607476635514
Materials science,2008,2,4,0,65,99,0.020202020202020204,Human–computer interaction,2008,20,4,1,608,99,0.20202020202020202,Computer graphics,2008,10,4,2,251,99,0.10101010101010101,Information visualization,2008,18,4,3,438,99,0.18181818181818182
Materials science,2009,1,4,0,65,117,0.008547008547008548,Human–computer interaction,2009,19,4,1,608,117,0.1623931623931624,Computer graphics,2009,10,4,2,251,117,0.08547008547008547,Information visualization,2009,19,4,3,438,117,0.1623931623931624
Materials science,2010,0,4,0,65,109,0.0,Human–computer interaction,2010,24,4,1,608,109,0.22018348623853212,Computer graphics,2010,13,4,2,251,109,0.11926605504587157,Information visualization,2010,19,4,3,438,109,0.1743119266055046
Materials science,2011,1,4,0,65,119,0.008403361344537815,Human–computer interaction,2011,14,4,1,608,119,0.11764705882352941,Computer graphics,2011,13,4,2,251,119,0.1092436974789916,Information visualization,2011,13,4,3,438,119,0.1092436974789916
Materials science,2012,1,4,0,65,116,0.008620689655172414,Human–computer interaction,2012,30,4,1,608,116,0.25862068965517243,Computer graphics,2012,12,4,2,251,116,0.10344827586206896,Information visualization,2012,27,4,3,438,116,0.23275862068965517
Materials science,2013,0,4,0,65,101,0.0,Human–computer interaction,2013,21,4,1,608,101,0.2079207920792079,Computer graphics,2013,13,4,2,251,101,0.12871287128712872,Information visualization,2013,17,4,3,438,101,0.16831683168316833
Materials science,2014,3,4,0,65,132,0.022727272727272728,Human–computer interaction,2014,34,4,1,608,132,0.25757575757575757,Computer graphics,2014,4,4,2,251,132,0.030303030303030304,Information visualization,2014,19,4,3,438,132,0.14393939393939395
Materials science,2015,3,4,0,65,127,0.023622047244094488,Human–computer interaction,2015,36,4,1,608,127,0.28346456692913385,Computer graphics,2015,6,4,2,251,127,0.047244094488188976,Information visualization,2015,21,4,3,438,127,0.16535433070866143
Materials science,2016,2,4,0,65,115,0.017391304347826087,Human–computer interaction,2016,31,4,1,608,115,0.26956521739130435,Computer graphics,2016,12,4,2,251,115,0.10434782608695652,Information visualization,2016,18,4,3,438,115,0.1565217391304348
Materials science,2017,0,4,0,65,114,0.0,Human–computer interaction,2017,26,4,1,608,114,0.22807017543859648,Computer graphics,2017,9,4,2,251,114,0.07894736842105263,Information visualization,2017,22,4,3,438,114,0.19298245614035087
Materials science,2018,1,4,0,65,127,0.007874015748031496,Human–computer interaction,2018,30,4,1,608,127,0.23622047244094488,Computer graphics,2018,4,4,2,251,127,0.031496062992125984,Information visualization,2018,18,4,3,438,127,0.14173228346456693
Materials science,2019,0,4,0,65,129,0.0,Human–computer interaction,2019,36,4,1,608,129,0.27906976744186046,Computer graphics,2019,5,4,2,251,129,0.03875968992248062,Information visualization,2019,19,4,3,438,129,0.14728682170542637
Materials science,2020,0,4,0,65,157,0.0,Human–computer interaction,2020,35,4,1,608,157,0.2229299363057325,Computer graphics,2020,12,4,2,251,157,0.07643312101910828,Information visualization,2020,20,4,3,438,157,0.12738853503184713
Materials science,2021,1,4,0,65,169,0.005917159763313609,Human–computer interaction,2021,45,4,1,608,169,0.26627218934911245,Computer graphics,2021,6,4,2,251,169,0.03550295857988166,Information visualization,2021,20,4,3,438,169,0.11834319526627218
Medicine,1990,1,5,0,44,52,0.019230769230769232,Data science,1990,4,5,1,457,52,0.07692307692307693,Volume (thermodynamics),1990,4,5,2,185,52,0.07692307692307693,Volume rendering,1990,6,5,3,183,52,0.11538461538461539
Medicine,1991,1,5,0,44,48,0.020833333333333332,Data science,1991,4,5,1,457,48,0.08333333333333333,Volume (thermodynamics),1991,5,5,2,185,48,0.10416666666666667,Volume rendering,1991,1,5,3,183,48,0.020833333333333332
Medicine,1992,1,5,0,44,51,0.0196078431372549,Data science,1992,2,5,1,457,51,0.0392156862745098,Volume (thermodynamics),1992,7,5,2,185,51,0.13725490196078433,Volume rendering,1992,9,5,3,183,51,0.17647058823529413
Medicine,1993,0,5,0,44,55,0.0,Data science,1993,2,5,1,457,55,0.03636363636363636,Volume (thermodynamics),1993,7,5,2,185,55,0.12727272727272726,Volume rendering,1993,6,5,3,183,55,0.10909090909090909
Medicine,1994,1,5,0,44,52,0.019230769230769232,Data science,1994,1,5,1,457,52,0.019230769230769232,Volume (thermodynamics),1994,10,5,2,185,52,0.19230769230769232,Volume rendering,1994,8,5,3,183,52,0.15384615384615385
Medicine,1995,0,5,0,44,74,0.0,Data science,1995,4,5,1,457,74,0.05405405405405406,Volume (thermodynamics),1995,6,5,2,185,74,0.08108108108108109,Volume rendering,1995,8,5,3,183,74,0.10810810810810811
Medicine,1996,2,5,0,44,77,0.025974025974025976,Data science,1996,3,5,1,457,77,0.03896103896103896,Volume (thermodynamics),1996,7,5,2,185,77,0.09090909090909091,Volume rendering,1996,9,5,3,183,77,0.11688311688311688
Medicine,1997,2,5,0,44,88,0.022727272727272728,Data science,1997,2,5,1,457,88,0.022727272727272728,Volume (thermodynamics),1997,11,5,2,185,88,0.125,Volume rendering,1997,8,5,3,183,88,0.09090909090909091
Medicine,1998,1,5,0,44,90,0.011111111111111112,Data science,1998,3,5,1,457,90,0.03333333333333333,Volume (thermodynamics),1998,4,5,2,185,90,0.044444444444444446,Volume rendering,1998,4,5,3,183,90,0.044444444444444446
Medicine,1999,2,5,0,44,88,0.022727272727272728,Data science,1999,7,5,1,457,88,0.07954545454545454,Volume (thermodynamics),1999,7,5,2,185,88,0.07954545454545454,Volume rendering,1999,6,5,3,183,88,0.06818181818181818
Medicine,2000,0,5,0,44,92,0.0,Data science,2000,6,5,1,457,92,0.06521739130434782,Volume (thermodynamics),2000,9,5,2,185,92,0.09782608695652174,Volume rendering,2000,8,5,3,183,92,0.08695652173913043
Medicine,2001,4,5,0,44,96,0.041666666666666664,Data science,2001,3,5,1,457,96,0.03125,Volume (thermodynamics),2001,9,5,2,185,96,0.09375,Volume rendering,2001,8,5,3,183,96,0.08333333333333333
Medicine,2002,1,5,0,44,101,0.009900990099009901,Data science,2002,7,5,1,457,101,0.06930693069306931,Volume (thermodynamics),2002,10,5,2,185,101,0.09900990099009901,Volume rendering,2002,11,5,3,183,101,0.10891089108910891
Medicine,2003,0,5,0,44,102,0.0,Data science,2003,3,5,1,457,102,0.029411764705882353,Volume (thermodynamics),2003,14,5,2,185,102,0.13725490196078433,Volume rendering,2003,11,5,3,183,102,0.10784313725490197
Medicine,2004,2,5,0,44,97,0.020618556701030927,Data science,2004,3,5,1,457,97,0.030927835051546393,Volume (thermodynamics),2004,6,5,2,185,97,0.061855670103092786,Volume rendering,2004,7,5,3,183,97,0.07216494845360824
Medicine,2005,1,5,0,44,119,0.008403361344537815,Data science,2005,3,5,1,457,119,0.025210084033613446,Volume (thermodynamics),2005,9,5,2,185,119,0.07563025210084033,Volume rendering,2005,10,5,3,183,119,0.08403361344537816
Medicine,2006,2,5,0,44,113,0.017699115044247787,Data science,2006,14,5,1,457,113,0.12389380530973451,Volume (thermodynamics),2006,7,5,2,185,113,0.061946902654867256,Volume rendering,2006,10,5,3,183,113,0.08849557522123894
Medicine,2007,2,5,0,44,107,0.018691588785046728,Data science,2007,18,5,1,457,107,0.16822429906542055,Volume (thermodynamics),2007,4,5,2,185,107,0.037383177570093455,Volume rendering,2007,7,5,3,183,107,0.06542056074766354
Medicine,2008,3,5,0,44,99,0.030303030303030304,Data science,2008,20,5,1,457,99,0.20202020202020202,Volume (thermodynamics),2008,8,5,2,185,99,0.08080808080808081,Volume rendering,2008,4,5,3,183,99,0.04040404040404041
Medicine,2009,2,5,0,44,117,0.017094017094017096,Data science,2009,15,5,1,457,117,0.1282051282051282,Volume (thermodynamics),2009,5,5,2,185,117,0.042735042735042736,Volume rendering,2009,7,5,3,183,117,0.05982905982905983
Medicine,2010,1,5,0,44,109,0.009174311926605505,Data science,2010,20,5,1,457,109,0.1834862385321101,Volume (thermodynamics),2010,6,5,2,185,109,0.05504587155963303,Volume rendering,2010,8,5,3,183,109,0.07339449541284404
Medicine,2011,2,5,0,44,119,0.01680672268907563,Data science,2011,21,5,1,457,119,0.17647058823529413,Volume (thermodynamics),2011,4,5,2,185,119,0.03361344537815126,Volume rendering,2011,7,5,3,183,119,0.058823529411764705
Medicine,2012,0,5,0,44,116,0.0,Data science,2012,25,5,1,457,116,0.21551724137931033,Volume (thermodynamics),2012,4,5,2,185,116,0.034482758620689655,Volume rendering,2012,4,5,3,183,116,0.034482758620689655
Medicine,2013,0,5,0,44,101,0.0,Data science,2013,20,5,1,457,101,0.19801980198019803,Volume (thermodynamics),2013,4,5,2,185,101,0.039603960396039604,Volume rendering,2013,3,5,3,183,101,0.0297029702970297
Medicine,2014,1,5,0,44,132,0.007575757575757576,Data science,2014,30,5,1,457,132,0.22727272727272727,Volume (thermodynamics),2014,2,5,2,185,132,0.015151515151515152,Volume rendering,2014,1,5,3,183,132,0.007575757575757576
Medicine,2015,1,5,0,44,127,0.007874015748031496,Data science,2015,30,5,1,457,127,0.23622047244094488,Volume (thermodynamics),2015,3,5,2,185,127,0.023622047244094488,Volume rendering,2015,2,5,3,183,127,0.015748031496062992
Medicine,2016,5,5,0,44,115,0.043478260869565216,Data science,2016,21,5,1,457,115,0.1826086956521739,Volume (thermodynamics),2016,3,5,2,185,115,0.02608695652173913,Volume rendering,2016,2,5,3,183,115,0.017391304347826087
Medicine,2017,0,5,0,44,114,0.0,Data science,2017,27,5,1,457,114,0.23684210526315788,Volume (thermodynamics),2017,2,5,2,185,114,0.017543859649122806,Volume rendering,2017,1,5,3,183,114,0.008771929824561403
Medicine,2018,0,5,0,44,127,0.0,Data science,2018,34,5,1,457,127,0.2677165354330709,Volume (thermodynamics),2018,3,5,2,185,127,0.023622047244094488,Volume rendering,2018,3,5,3,183,127,0.023622047244094488
Medicine,2019,2,5,0,44,129,0.015503875968992248,Data science,2019,30,5,1,457,129,0.23255813953488372,Volume (thermodynamics),2019,0,5,2,185,129,0.0,Volume rendering,2019,0,5,3,183,129,0.0
Medicine,2020,1,5,0,44,157,0.006369426751592357,Data science,2020,38,5,1,457,157,0.24203821656050956,Volume (thermodynamics),2020,3,5,2,185,157,0.01910828025477707,Volume rendering,2020,2,5,3,183,157,0.012738853503184714
Medicine,2021,3,5,0,44,169,0.01775147928994083,Data science,2021,37,5,1,457,169,0.21893491124260356,Volume (thermodynamics),2021,2,5,2,185,169,0.011834319526627219,Volume rendering,2021,2,5,3,183,169,0.011834319526627219
Geology,1990,0,6,0,19,52,0.0,Algorithm,1990,5,6,1,432,52,0.09615384615384616,Virtual reality,1990,5,6,2,177,52,0.09615384615384616,Scientific visualization,1990,10,6,3,166,52,0.19230769230769232
Geology,1991,0,6,0,19,48,0.0,Algorithm,1991,4,6,1,432,48,0.08333333333333333,Virtual reality,1991,2,6,2,177,48,0.041666666666666664,Scientific visualization,1991,9,6,3,166,48,0.1875
Geology,1992,1,6,0,19,51,0.0196078431372549,Algorithm,1992,9,6,1,432,51,0.17647058823529413,Virtual reality,1992,3,6,2,177,51,0.058823529411764705,Scientific visualization,1992,7,6,3,166,51,0.13725490196078433
Geology,1993,0,6,0,19,55,0.0,Algorithm,1993,7,6,1,432,55,0.12727272727272726,Virtual reality,1993,3,6,2,177,55,0.05454545454545454,Scientific visualization,1993,6,6,3,166,55,0.10909090909090909
Geology,1994,1,6,0,19,52,0.019230769230769232,Algorithm,1994,9,6,1,432,52,0.17307692307692307,Virtual reality,1994,2,6,2,177,52,0.038461538461538464,Scientific visualization,1994,3,6,3,166,52,0.057692307692307696
Geology,1995,2,6,0,19,74,0.02702702702702703,Algorithm,1995,15,6,1,432,74,0.20270270270270271,Virtual reality,1995,4,6,2,177,74,0.05405405405405406,Scientific visualization,1995,3,6,3,166,74,0.04054054054054054
Geology,1996,1,6,0,19,77,0.012987012987012988,Algorithm,1996,17,6,1,432,77,0.22077922077922077,Virtual reality,1996,5,6,2,177,77,0.06493506493506493,Scientific visualization,1996,3,6,3,166,77,0.03896103896103896
Geology,1997,0,6,0,19,88,0.0,Algorithm,1997,20,6,1,432,88,0.22727272727272727,Virtual reality,1997,8,6,2,177,88,0.09090909090909091,Scientific visualization,1997,3,6,3,166,88,0.03409090909090909
Geology,1998,2,6,0,19,90,0.022222222222222223,Algorithm,1998,18,6,1,432,90,0.2,Virtual reality,1998,5,6,2,177,90,0.05555555555555555,Scientific visualization,1998,1,6,3,166,90,0.011111111111111112
Geology,1999,0,6,0,19,88,0.0,Algorithm,1999,12,6,1,432,88,0.13636363636363635,Virtual reality,1999,4,6,2,177,88,0.045454545454545456,Scientific visualization,1999,2,6,3,166,88,0.022727272727272728
Geology,2000,0,6,0,19,92,0.0,Algorithm,2000,17,6,1,432,92,0.18478260869565216,Virtual reality,2000,8,6,2,177,92,0.08695652173913043,Scientific visualization,2000,2,6,3,166,92,0.021739130434782608
Geology,2001,0,6,0,19,96,0.0,Algorithm,2001,20,6,1,432,96,0.20833333333333334,Virtual reality,2001,12,6,2,177,96,0.125,Scientific visualization,2001,2,6,3,166,96,0.020833333333333332
Geology,2002,2,6,0,19,101,0.019801980198019802,Algorithm,2002,24,6,1,432,101,0.2376237623762376,Virtual reality,2002,3,6,2,177,101,0.0297029702970297,Scientific visualization,2002,4,6,3,166,101,0.039603960396039604
Geology,2003,0,6,0,19,102,0.0,Algorithm,2003,23,6,1,432,102,0.22549019607843138,Virtual reality,2003,2,6,2,177,102,0.0196078431372549,Scientific visualization,2003,2,6,3,166,102,0.0196078431372549
Geology,2004,1,6,0,19,97,0.010309278350515464,Algorithm,2004,17,6,1,432,97,0.17525773195876287,Virtual reality,2004,5,6,2,177,97,0.05154639175257732,Scientific visualization,2004,3,6,3,166,97,0.030927835051546393
Geology,2005,2,6,0,19,119,0.01680672268907563,Algorithm,2005,8,6,1,432,119,0.06722689075630252,Virtual reality,2005,4,6,2,177,119,0.03361344537815126,Scientific visualization,2005,0,6,3,166,119,0.0
Geology,2006,0,6,0,19,113,0.0,Algorithm,2006,12,6,1,432,113,0.10619469026548672,Virtual reality,2006,5,6,2,177,113,0.04424778761061947,Scientific visualization,2006,11,6,3,166,113,0.09734513274336283
Geology,2007,0,6,0,19,107,0.0,Algorithm,2007,10,6,1,432,107,0.09345794392523364,Virtual reality,2007,6,6,2,177,107,0.056074766355140186,Scientific visualization,2007,7,6,3,166,107,0.06542056074766354
Geology,2008,1,6,0,19,99,0.010101010101010102,Algorithm,2008,13,6,1,432,99,0.13131313131313133,Virtual reality,2008,5,6,2,177,99,0.050505050505050504,Scientific visualization,2008,7,6,3,166,99,0.0707070707070707
Geology,2009,0,6,0,19,117,0.0,Algorithm,2009,10,6,1,432,117,0.08547008547008547,Virtual reality,2009,4,6,2,177,117,0.03418803418803419,Scientific visualization,2009,11,6,3,166,117,0.09401709401709402
Geology,2010,0,6,0,19,109,0.0,Algorithm,2010,15,6,1,432,109,0.13761467889908258,Virtual reality,2010,10,6,2,177,109,0.09174311926605505,Scientific visualization,2010,5,6,3,166,109,0.045871559633027525
Geology,2011,0,6,0,19,119,0.0,Algorithm,2011,20,6,1,432,119,0.16806722689075632,Virtual reality,2011,3,6,2,177,119,0.025210084033613446,Scientific visualization,2011,7,6,3,166,119,0.058823529411764705
Geology,2012,2,6,0,19,116,0.017241379310344827,Algorithm,2012,9,6,1,432,116,0.07758620689655173,Virtual reality,2012,4,6,2,177,116,0.034482758620689655,Scientific visualization,2012,12,6,3,166,116,0.10344827586206896
Geology,2013,0,6,0,19,101,0.0,Algorithm,2013,14,6,1,432,101,0.13861386138613863,Virtual reality,2013,7,6,2,177,101,0.06930693069306931,Scientific visualization,2013,7,6,3,166,101,0.06930693069306931
Geology,2014,1,6,0,19,132,0.007575757575757576,Algorithm,2014,16,6,1,432,132,0.12121212121212122,Virtual reality,2014,7,6,2,177,132,0.05303030303030303,Scientific visualization,2014,3,6,3,166,132,0.022727272727272728
Geology,2015,1,6,0,19,127,0.007874015748031496,Algorithm,2015,16,6,1,432,127,0.12598425196850394,Virtual reality,2015,1,6,2,177,127,0.007874015748031496,Scientific visualization,2015,4,6,3,166,127,0.031496062992125984
Geology,2016,0,6,0,19,115,0.0,Algorithm,2016,7,6,1,432,115,0.06086956521739131,Virtual reality,2016,6,6,2,177,115,0.05217391304347826,Scientific visualization,2016,7,6,3,166,115,0.06086956521739131
Geology,2017,1,6,0,19,114,0.008771929824561403,Algorithm,2017,6,6,1,432,114,0.05263157894736842,Virtual reality,2017,7,6,2,177,114,0.06140350877192982,Scientific visualization,2017,9,6,3,166,114,0.07894736842105263
Geology,2018,0,6,0,19,127,0.0,Algorithm,2018,14,6,1,432,127,0.11023622047244094,Virtual reality,2018,6,6,2,177,127,0.047244094488188976,Scientific visualization,2018,4,6,3,166,127,0.031496062992125984
Geology,2019,1,6,0,19,129,0.007751937984496124,Algorithm,2019,13,6,1,432,129,0.10077519379844961,Virtual reality,2019,10,6,2,177,129,0.07751937984496124,Scientific visualization,2019,5,6,3,166,129,0.03875968992248062
Geology,2020,0,6,0,19,157,0.0,Algorithm,2020,16,6,1,432,157,0.10191082802547771,Virtual reality,2020,11,6,2,177,157,0.07006369426751592,Scientific visualization,2020,4,6,3,166,157,0.025477707006369428
Geology,2021,0,6,0,19,169,0.0,Algorithm,2021,16,6,1,432,169,0.09467455621301775,Virtual reality,2021,10,6,2,177,169,0.05917159763313609,Scientific visualization,2021,3,6,3,166,169,0.01775147928994083
Environmental science,1990,1,7,0,18,52,0.019230769230769232,Data mining,1990,2,7,1,351,52,0.038461538461538464,Analytics,1990,0,7,2,170,52,0.0,3D rendering,1990,4,7,3,140,52,0.07692307692307693
Environmental science,1991,0,7,0,18,48,0.0,Data mining,1991,2,7,1,351,48,0.041666666666666664,Analytics,1991,0,7,2,170,48,0.0,3D rendering,1991,1,7,3,140,48,0.020833333333333332
Environmental science,1992,2,7,0,18,51,0.0392156862745098,Data mining,1992,2,7,1,351,51,0.0392156862745098,Analytics,1992,0,7,2,170,51,0.0,3D rendering,1992,6,7,3,140,51,0.11764705882352941
Environmental science,1993,3,7,0,18,55,0.05454545454545454,Data mining,1993,0,7,1,351,55,0.0,Analytics,1993,0,7,2,170,55,0.0,3D rendering,1993,3,7,3,140,55,0.05454545454545454
Environmental science,1994,1,7,0,18,52,0.019230769230769232,Data mining,1994,2,7,1,351,52,0.038461538461538464,Analytics,1994,0,7,2,170,52,0.0,3D rendering,1994,7,7,3,140,52,0.1346153846153846
Environmental science,1995,0,7,0,18,74,0.0,Data mining,1995,4,7,1,351,74,0.05405405405405406,Analytics,1995,0,7,2,170,74,0.0,3D rendering,1995,3,7,3,140,74,0.04054054054054054
Environmental science,1996,1,7,0,18,77,0.012987012987012988,Data mining,1996,5,7,1,351,77,0.06493506493506493,Analytics,1996,0,7,2,170,77,0.0,3D rendering,1996,5,7,3,140,77,0.06493506493506493
Environmental science,1997,1,7,0,18,88,0.011363636363636364,Data mining,1997,5,7,1,351,88,0.056818181818181816,Analytics,1997,0,7,2,170,88,0.0,3D rendering,1997,4,7,3,140,88,0.045454545454545456
Environmental science,1998,2,7,0,18,90,0.022222222222222223,Data mining,1998,8,7,1,351,90,0.08888888888888889,Analytics,1998,0,7,2,170,90,0.0,3D rendering,1998,3,7,3,140,90,0.03333333333333333
Environmental science,1999,0,7,0,18,88,0.0,Data mining,1999,5,7,1,351,88,0.056818181818181816,Analytics,1999,0,7,2,170,88,0.0,3D rendering,1999,5,7,3,140,88,0.056818181818181816
Environmental science,2000,1,7,0,18,92,0.010869565217391304,Data mining,2000,9,7,1,351,92,0.09782608695652174,Analytics,2000,0,7,2,170,92,0.0,3D rendering,2000,8,7,3,140,92,0.08695652173913043
Environmental science,2001,0,7,0,18,96,0.0,Data mining,2001,4,7,1,351,96,0.041666666666666664,Analytics,2001,0,7,2,170,96,0.0,3D rendering,2001,9,7,3,140,96,0.09375
Environmental science,2002,1,7,0,18,101,0.009900990099009901,Data mining,2002,5,7,1,351,101,0.04950495049504951,Analytics,2002,0,7,2,170,101,0.0,3D rendering,2002,16,7,3,140,101,0.15841584158415842
Environmental science,2003,0,7,0,18,102,0.0,Data mining,2003,5,7,1,351,102,0.049019607843137254,Analytics,2003,0,7,2,170,102,0.0,3D rendering,2003,12,7,3,140,102,0.11764705882352941
Environmental science,2004,0,7,0,18,97,0.0,Data mining,2004,4,7,1,351,97,0.041237113402061855,Analytics,2004,0,7,2,170,97,0.0,3D rendering,2004,6,7,3,140,97,0.061855670103092786
Environmental science,2005,0,7,0,18,119,0.0,Data mining,2005,7,7,1,351,119,0.058823529411764705,Analytics,2005,0,7,2,170,119,0.0,3D rendering,2005,9,7,3,140,119,0.07563025210084033
Environmental science,2006,0,7,0,18,113,0.0,Data mining,2006,13,7,1,351,113,0.11504424778761062,Analytics,2006,6,7,2,170,113,0.05309734513274336,3D rendering,2006,5,7,3,140,113,0.04424778761061947
Environmental science,2007,1,7,0,18,107,0.009345794392523364,Data mining,2007,13,7,1,351,107,0.12149532710280374,Analytics,2007,7,7,2,170,107,0.06542056074766354,3D rendering,2007,5,7,3,140,107,0.04672897196261682
Environmental science,2008,0,7,0,18,99,0.0,Data mining,2008,12,7,1,351,99,0.12121212121212122,Analytics,2008,6,7,2,170,99,0.06060606060606061,3D rendering,2008,2,7,3,140,99,0.020202020202020204
Environmental science,2009,0,7,0,18,117,0.0,Data mining,2009,18,7,1,351,117,0.15384615384615385,Analytics,2009,7,7,2,170,117,0.05982905982905983,3D rendering,2009,5,7,3,140,117,0.042735042735042736
Environmental science,2010,0,7,0,18,109,0.0,Data mining,2010,14,7,1,351,109,0.12844036697247707,Analytics,2010,8,7,2,170,109,0.07339449541284404,3D rendering,2010,5,7,3,140,109,0.045871559633027525
Environmental science,2011,0,7,0,18,119,0.0,Data mining,2011,18,7,1,351,119,0.15126050420168066,Analytics,2011,8,7,2,170,119,0.06722689075630252,3D rendering,2011,2,7,3,140,119,0.01680672268907563
Environmental science,2012,0,7,0,18,116,0.0,Data mining,2012,15,7,1,351,116,0.12931034482758622,Analytics,2012,11,7,2,170,116,0.09482758620689655,3D rendering,2012,4,7,3,140,116,0.034482758620689655
Environmental science,2013,0,7,0,18,101,0.0,Data mining,2013,17,7,1,351,101,0.16831683168316833,Analytics,2013,8,7,2,170,101,0.07920792079207921,3D rendering,2013,2,7,3,140,101,0.019801980198019802
Environmental science,2014,1,7,0,18,132,0.007575757575757576,Data mining,2014,19,7,1,351,132,0.14393939393939395,Analytics,2014,13,7,2,170,132,0.09848484848484848,3D rendering,2014,1,7,3,140,132,0.007575757575757576
Environmental science,2015,1,7,0,18,127,0.007874015748031496,Data mining,2015,17,7,1,351,127,0.13385826771653545,Analytics,2015,10,7,2,170,127,0.07874015748031496,3D rendering,2015,0,7,3,140,127,0.0
Environmental science,2016,0,7,0,18,115,0.0,Data mining,2016,15,7,1,351,115,0.13043478260869565,Analytics,2016,11,7,2,170,115,0.09565217391304348,3D rendering,2016,1,7,3,140,115,0.008695652173913044
Environmental science,2017,0,7,0,18,114,0.0,Data mining,2017,22,7,1,351,114,0.19298245614035087,Analytics,2017,14,7,2,170,114,0.12280701754385964,3D rendering,2017,2,7,3,140,114,0.017543859649122806
Environmental science,2018,0,7,0,18,127,0.0,Data mining,2018,24,7,1,351,127,0.1889763779527559,Analytics,2018,12,7,2,170,127,0.09448818897637795,3D rendering,2018,1,7,3,140,127,0.007874015748031496
Environmental science,2019,0,7,0,18,129,0.0,Data mining,2019,17,7,1,351,129,0.13178294573643412,Analytics,2019,16,7,2,170,129,0.12403100775193798,3D rendering,2019,0,7,3,140,129,0.0
Environmental science,2020,1,7,0,18,157,0.006369426751592357,Data mining,2020,28,7,1,351,157,0.17834394904458598,Analytics,2020,23,7,2,170,157,0.1464968152866242,3D rendering,2020,2,7,3,140,157,0.012738853503184714
Environmental science,2021,1,7,0,18,169,0.005917159763313609,Data mining,2021,20,7,1,351,169,0.11834319526627218,Analytics,2021,10,7,2,170,169,0.05917159763313609,3D rendering,2021,2,7,3,140,169,0.011834319526627219
Psychology,1990,0,8,0,14,52,0.0,Information retrieval,1990,3,8,1,224,52,0.057692307692307696,Graph,1990,0,8,2,119,52,0.0,Creative visualization,1990,4,8,3,125,52,0.07692307692307693
Psychology,1991,0,8,0,14,48,0.0,Information retrieval,1991,1,8,1,224,48,0.020833333333333332,Graph,1991,1,8,2,119,48,0.020833333333333332,Creative visualization,1991,1,8,3,125,48,0.020833333333333332
Psychology,1992,0,8,0,14,51,0.0,Information retrieval,1992,2,8,1,224,51,0.0392156862745098,Graph,1992,1,8,2,119,51,0.0196078431372549,Creative visualization,1992,2,8,3,125,51,0.0392156862745098
Psychology,1993,0,8,0,14,55,0.0,Information retrieval,1993,2,8,1,224,55,0.03636363636363636,Graph,1993,0,8,2,119,55,0.0,Creative visualization,1993,1,8,3,125,55,0.01818181818181818
Psychology,1994,0,8,0,14,52,0.0,Information retrieval,1994,0,8,1,224,52,0.0,Graph,1994,1,8,2,119,52,0.019230769230769232,Creative visualization,1994,1,8,3,125,52,0.019230769230769232
Psychology,1995,0,8,0,14,74,0.0,Information retrieval,1995,6,8,1,224,74,0.08108108108108109,Graph,1995,1,8,2,119,74,0.013513513513513514,Creative visualization,1995,2,8,3,125,74,0.02702702702702703
Psychology,1996,0,8,0,14,77,0.0,Information retrieval,1996,5,8,1,224,77,0.06493506493506493,Graph,1996,0,8,2,119,77,0.0,Creative visualization,1996,0,8,3,125,77,0.0
Psychology,1997,0,8,0,14,88,0.0,Information retrieval,1997,8,8,1,224,88,0.09090909090909091,Graph,1997,1,8,2,119,88,0.011363636363636364,Creative visualization,1997,0,8,3,125,88,0.0
Psychology,1998,0,8,0,14,90,0.0,Information retrieval,1998,3,8,1,224,90,0.03333333333333333,Graph,1998,2,8,2,119,90,0.022222222222222223,Creative visualization,1998,2,8,3,125,90,0.022222222222222223
Psychology,1999,0,8,0,14,88,0.0,Information retrieval,1999,5,8,1,224,88,0.056818181818181816,Graph,1999,1,8,2,119,88,0.011363636363636364,Creative visualization,1999,0,8,3,125,88,0.0
Psychology,2000,0,8,0,14,92,0.0,Information retrieval,2000,6,8,1,224,92,0.06521739130434782,Graph,2000,2,8,2,119,92,0.021739130434782608,Creative visualization,2000,1,8,3,125,92,0.010869565217391304
Psychology,2001,1,8,0,14,96,0.010416666666666666,Information retrieval,2001,2,8,1,224,96,0.020833333333333332,Graph,2001,4,8,2,119,96,0.041666666666666664,Creative visualization,2001,0,8,3,125,96,0.0
Psychology,2002,0,8,0,14,101,0.0,Information retrieval,2002,4,8,1,224,101,0.039603960396039604,Graph,2002,1,8,2,119,101,0.009900990099009901,Creative visualization,2002,4,8,3,125,101,0.039603960396039604
Psychology,2003,0,8,0,14,102,0.0,Information retrieval,2003,0,8,1,224,102,0.0,Graph,2003,3,8,2,119,102,0.029411764705882353,Creative visualization,2003,1,8,3,125,102,0.00980392156862745
Psychology,2004,0,8,0,14,97,0.0,Information retrieval,2004,3,8,1,224,97,0.030927835051546393,Graph,2004,6,8,2,119,97,0.061855670103092786,Creative visualization,2004,0,8,3,125,97,0.0
Psychology,2005,1,8,0,14,119,0.008403361344537815,Information retrieval,2005,3,8,1,224,119,0.025210084033613446,Graph,2005,6,8,2,119,119,0.05042016806722689,Creative visualization,2005,1,8,3,125,119,0.008403361344537815
Psychology,2006,0,8,0,14,113,0.0,Information retrieval,2006,6,8,1,224,113,0.05309734513274336,Graph,2006,7,8,2,119,113,0.061946902654867256,Creative visualization,2006,7,8,3,125,113,0.061946902654867256
Psychology,2007,0,8,0,14,107,0.0,Information retrieval,2007,10,8,1,224,107,0.09345794392523364,Graph,2007,3,8,2,119,107,0.028037383177570093,Creative visualization,2007,6,8,3,125,107,0.056074766355140186
Psychology,2008,0,8,0,14,99,0.0,Information retrieval,2008,11,8,1,224,99,0.1111111111111111,Graph,2008,7,8,2,119,99,0.0707070707070707,Creative visualization,2008,7,8,3,125,99,0.0707070707070707
Psychology,2009,0,8,0,14,117,0.0,Information retrieval,2009,15,8,1,224,117,0.1282051282051282,Graph,2009,8,8,2,119,117,0.06837606837606838,Creative visualization,2009,7,8,3,125,117,0.05982905982905983
Psychology,2010,2,8,0,14,109,0.01834862385321101,Information retrieval,2010,11,8,1,224,109,0.10091743119266056,Graph,2010,2,8,2,119,109,0.01834862385321101,Creative visualization,2010,8,8,3,125,109,0.07339449541284404
Psychology,2011,1,8,0,14,119,0.008403361344537815,Information retrieval,2011,7,8,1,224,119,0.058823529411764705,Graph,2011,7,8,2,119,119,0.058823529411764705,Creative visualization,2011,6,8,3,125,119,0.05042016806722689
Psychology,2012,0,8,0,14,116,0.0,Information retrieval,2012,11,8,1,224,116,0.09482758620689655,Graph,2012,4,8,2,119,116,0.034482758620689655,Creative visualization,2012,5,8,3,125,116,0.04310344827586207
Psychology,2013,0,8,0,14,101,0.0,Information retrieval,2013,10,8,1,224,101,0.09900990099009901,Graph,2013,5,8,2,119,101,0.04950495049504951,Creative visualization,2013,6,8,3,125,101,0.0594059405940594
Psychology,2014,1,8,0,14,132,0.007575757575757576,Information retrieval,2014,11,8,1,224,132,0.08333333333333333,Graph,2014,2,8,2,119,132,0.015151515151515152,Creative visualization,2014,5,8,3,125,132,0.03787878787878788
Psychology,2015,0,8,0,14,127,0.0,Information retrieval,2015,11,8,1,224,127,0.08661417322834646,Graph,2015,7,8,2,119,127,0.05511811023622047,Creative visualization,2015,7,8,3,125,127,0.05511811023622047
Psychology,2016,0,8,0,14,115,0.0,Information retrieval,2016,14,8,1,224,115,0.12173913043478261,Graph,2016,4,8,2,119,115,0.034782608695652174,Creative visualization,2016,8,8,3,125,115,0.06956521739130435
Psychology,2017,1,8,0,14,114,0.008771929824561403,Information retrieval,2017,10,8,1,224,114,0.08771929824561403,Graph,2017,6,8,2,119,114,0.05263157894736842,Creative visualization,2017,9,8,3,125,114,0.07894736842105263
Psychology,2018,0,8,0,14,127,0.0,Information retrieval,2018,10,8,1,224,127,0.07874015748031496,Graph,2018,4,8,2,119,127,0.031496062992125984,Creative visualization,2018,3,8,3,125,127,0.023622047244094488
Psychology,2019,0,8,0,14,129,0.0,Information retrieval,2019,12,8,1,224,129,0.09302325581395349,Graph,2019,5,8,2,119,129,0.03875968992248062,Creative visualization,2019,8,8,3,125,129,0.06201550387596899
Psychology,2020,3,8,0,14,157,0.01910828025477707,Information retrieval,2020,11,8,1,224,157,0.07006369426751592,Graph,2020,9,8,2,119,157,0.05732484076433121,Creative visualization,2020,5,8,3,125,157,0.03184713375796178
Psychology,2021,4,8,0,14,169,0.023668639053254437,Information retrieval,2021,11,8,1,224,169,0.0650887573964497,Graph,2021,9,8,2,119,169,0.05325443786982249,Creative visualization,2021,8,8,3,125,169,0.047337278106508875
Business,1990,0,9,0,6,52,0.0,Machine learning,1990,2,9,1,191,52,0.038461538461538464,Flow (mathematics),1990,1,9,2,100,52,0.019230769230769232,Flow visualization,1990,1,9,3,91,52,0.019230769230769232
Business,1991,0,9,0,6,48,0.0,Machine learning,1991,0,9,1,191,48,0.0,Flow (mathematics),1991,2,9,2,100,48,0.041666666666666664,Flow visualization,1991,3,9,3,91,48,0.0625
Business,1992,0,9,0,6,51,0.0,Machine learning,1992,0,9,1,191,51,0.0,Flow (mathematics),1992,3,9,2,100,51,0.058823529411764705,Flow visualization,1992,4,9,3,91,51,0.0784313725490196
Business,1993,0,9,0,6,55,0.0,Machine learning,1993,0,9,1,191,55,0.0,Flow (mathematics),1993,6,9,2,100,55,0.10909090909090909,Flow visualization,1993,6,9,3,91,55,0.10909090909090909
Business,1994,0,9,0,6,52,0.0,Machine learning,1994,0,9,1,191,52,0.0,Flow (mathematics),1994,7,9,2,100,52,0.1346153846153846,Flow visualization,1994,7,9,3,91,52,0.1346153846153846
Business,1995,1,9,0,6,74,0.013513513513513514,Machine learning,1995,2,9,1,191,74,0.02702702702702703,Flow (mathematics),1995,4,9,2,100,74,0.05405405405405406,Flow visualization,1995,3,9,3,91,74,0.04054054054054054
Business,1996,0,9,0,6,77,0.0,Machine learning,1996,0,9,1,191,77,0.0,Flow (mathematics),1996,3,9,2,100,77,0.03896103896103896,Flow visualization,1996,3,9,3,91,77,0.03896103896103896
Business,1997,1,9,0,6,88,0.011363636363636364,Machine learning,1997,0,9,1,191,88,0.0,Flow (mathematics),1997,3,9,2,100,88,0.03409090909090909,Flow visualization,1997,0,9,3,91,88,0.0
Business,1998,0,9,0,6,90,0.0,Machine learning,1998,1,9,1,191,90,0.011111111111111112,Flow (mathematics),1998,2,9,2,100,90,0.022222222222222223,Flow visualization,1998,3,9,3,91,90,0.03333333333333333
Business,1999,0,9,0,6,88,0.0,Machine learning,1999,1,9,1,191,88,0.011363636363636364,Flow (mathematics),1999,3,9,2,100,88,0.03409090909090909,Flow visualization,1999,2,9,3,91,88,0.022727272727272728
Business,2000,0,9,0,6,92,0.0,Machine learning,2000,0,9,1,191,92,0.0,Flow (mathematics),2000,3,9,2,100,92,0.03260869565217391,Flow visualization,2000,4,9,3,91,92,0.043478260869565216
Business,2001,0,9,0,6,96,0.0,Machine learning,2001,1,9,1,191,96,0.010416666666666666,Flow (mathematics),2001,2,9,2,100,96,0.020833333333333332,Flow visualization,2001,2,9,3,91,96,0.020833333333333332
Business,2002,1,9,0,6,101,0.009900990099009901,Machine learning,2002,1,9,1,191,101,0.009900990099009901,Flow (mathematics),2002,3,9,2,100,101,0.0297029702970297,Flow visualization,2002,1,9,3,91,101,0.009900990099009901
Business,2003,0,9,0,6,102,0.0,Machine learning,2003,0,9,1,191,102,0.0,Flow (mathematics),2003,2,9,2,100,102,0.0196078431372549,Flow visualization,2003,2,9,3,91,102,0.0196078431372549
Business,2004,0,9,0,6,97,0.0,Machine learning,2004,0,9,1,191,97,0.0,Flow (mathematics),2004,3,9,2,100,97,0.030927835051546393,Flow visualization,2004,4,9,3,91,97,0.041237113402061855
Business,2005,0,9,0,6,119,0.0,Machine learning,2005,2,9,1,191,119,0.01680672268907563,Flow (mathematics),2005,6,9,2,100,119,0.05042016806722689,Flow visualization,2005,6,9,3,91,119,0.05042016806722689
Business,2006,0,9,0,6,113,0.0,Machine learning,2006,0,9,1,191,113,0.0,Flow (mathematics),2006,3,9,2,100,113,0.02654867256637168,Flow visualization,2006,2,9,3,91,113,0.017699115044247787
Business,2007,0,9,0,6,107,0.0,Machine learning,2007,2,9,1,191,107,0.018691588785046728,Flow (mathematics),2007,4,9,2,100,107,0.037383177570093455,Flow visualization,2007,3,9,3,91,107,0.028037383177570093
Business,2008,0,9,0,6,99,0.0,Machine learning,2008,4,9,1,191,99,0.04040404040404041,Flow (mathematics),2008,4,9,2,100,99,0.04040404040404041,Flow visualization,2008,4,9,3,91,99,0.04040404040404041
Business,2009,0,9,0,6,117,0.0,Machine learning,2009,4,9,1,191,117,0.03418803418803419,Flow (mathematics),2009,2,9,2,100,117,0.017094017094017096,Flow visualization,2009,3,9,3,91,117,0.02564102564102564
Business,2010,1,9,0,6,109,0.009174311926605505,Machine learning,2010,4,9,1,191,109,0.03669724770642202,Flow (mathematics),2010,3,9,2,100,109,0.027522935779816515,Flow visualization,2010,2,9,3,91,109,0.01834862385321101
Business,2011,0,9,0,6,119,0.0,Machine learning,2011,4,9,1,191,119,0.03361344537815126,Flow (mathematics),2011,7,9,2,100,119,0.058823529411764705,Flow visualization,2011,4,9,3,91,119,0.03361344537815126
Business,2012,0,9,0,6,116,0.0,Machine learning,2012,7,9,1,191,116,0.0603448275862069,Flow (mathematics),2012,3,9,2,100,116,0.02586206896551724,Flow visualization,2012,4,9,3,91,116,0.034482758620689655
Business,2013,0,9,0,6,101,0.0,Machine learning,2013,7,9,1,191,101,0.06930693069306931,Flow (mathematics),2013,4,9,2,100,101,0.039603960396039604,Flow visualization,2013,2,9,3,91,101,0.019801980198019802
Business,2014,0,9,0,6,132,0.0,Machine learning,2014,14,9,1,191,132,0.10606060606060606,Flow (mathematics),2014,2,9,2,100,132,0.015151515151515152,Flow visualization,2014,1,9,3,91,132,0.007575757575757576
Business,2015,0,9,0,6,127,0.0,Machine learning,2015,13,9,1,191,127,0.10236220472440945,Flow (mathematics),2015,4,9,2,100,127,0.031496062992125984,Flow visualization,2015,4,9,3,91,127,0.031496062992125984
Business,2016,1,9,0,6,115,0.008695652173913044,Machine learning,2016,10,9,1,191,115,0.08695652173913043,Flow (mathematics),2016,1,9,2,100,115,0.008695652173913044,Flow visualization,2016,2,9,3,91,115,0.017391304347826087
Business,2017,0,9,0,6,114,0.0,Machine learning,2017,20,9,1,191,114,0.17543859649122806,Flow (mathematics),2017,1,9,2,100,114,0.008771929824561403,Flow visualization,2017,2,9,3,91,114,0.017543859649122806
Business,2018,0,9,0,6,127,0.0,Machine learning,2018,17,9,1,191,127,0.13385826771653545,Flow (mathematics),2018,4,9,2,100,127,0.031496062992125984,Flow visualization,2018,3,9,3,91,127,0.023622047244094488
Business,2019,0,9,0,6,129,0.0,Machine learning,2019,24,9,1,191,129,0.18604651162790697,Flow (mathematics),2019,1,9,2,100,129,0.007751937984496124,Flow visualization,2019,1,9,3,91,129,0.007751937984496124
Business,2020,1,9,0,6,157,0.006369426751592357,Machine learning,2020,32,9,1,191,157,0.20382165605095542,Flow (mathematics),2020,3,9,2,100,157,0.01910828025477707,Flow visualization,2020,2,9,3,91,157,0.012738853503184714
Business,2021,0,9,0,6,169,0.0,Machine learning,2021,19,9,1,191,169,0.11242603550295859,Flow (mathematics),2021,1,9,2,100,169,0.005917159763313609,Flow visualization,2021,1,9,3,91,169,0.005917159763313609
Chemistry,1990,0,10,0,3,52,0.0,Multimedia,1990,1,10,1,89,52,0.019230769230769232,Cluster analysis,1990,0,10,2,96,52,0.0,Graph drawing,1990,1,10,3,70,52,0.019230769230769232
Chemistry,1991,0,10,0,3,48,0.0,Multimedia,1991,0,10,1,89,48,0.0,Cluster analysis,1991,1,10,2,96,48,0.020833333333333332,Graph drawing,1991,1,10,3,70,48,0.020833333333333332
Chemistry,1992,0,10,0,3,51,0.0,Multimedia,1992,2,10,1,89,51,0.0392156862745098,Cluster analysis,1992,0,10,2,96,51,0.0,Graph drawing,1992,0,10,3,70,51,0.0
Chemistry,1993,0,10,0,3,55,0.0,Multimedia,1993,0,10,1,89,55,0.0,Cluster analysis,1993,0,10,2,96,55,0.0,Graph drawing,1993,0,10,3,70,55,0.0
Chemistry,1994,0,10,0,3,52,0.0,Multimedia,1994,0,10,1,89,52,0.0,Cluster analysis,1994,0,10,2,96,52,0.0,Graph drawing,1994,1,10,3,70,52,0.019230769230769232
Chemistry,1995,0,10,0,3,74,0.0,Multimedia,1995,3,10,1,89,74,0.04054054054054054,Cluster analysis,1995,1,10,2,96,74,0.013513513513513514,Graph drawing,1995,0,10,3,70,74,0.0
Chemistry,1996,0,10,0,3,77,0.0,Multimedia,1996,3,10,1,89,77,0.03896103896103896,Cluster analysis,1996,1,10,2,96,77,0.012987012987012988,Graph drawing,1996,1,10,3,70,77,0.012987012987012988
Chemistry,1997,0,10,0,3,88,0.0,Multimedia,1997,2,10,1,89,88,0.022727272727272728,Cluster analysis,1997,2,10,2,96,88,0.022727272727272728,Graph drawing,1997,0,10,3,70,88,0.0
Chemistry,1998,0,10,0,3,90,0.0,Multimedia,1998,3,10,1,89,90,0.03333333333333333,Cluster analysis,1998,4,10,2,96,90,0.044444444444444446,Graph drawing,1998,0,10,3,70,90,0.0
Chemistry,1999,0,10,0,3,88,0.0,Multimedia,1999,2,10,1,89,88,0.022727272727272728,Cluster analysis,1999,1,10,2,96,88,0.011363636363636364,Graph drawing,1999,0,10,3,70,88,0.0
Chemistry,2000,0,10,0,3,92,0.0,Multimedia,2000,1,10,1,89,92,0.010869565217391304,Cluster analysis,2000,3,10,2,96,92,0.03260869565217391,Graph drawing,2000,1,10,3,70,92,0.010869565217391304
Chemistry,2001,0,10,0,3,96,0.0,Multimedia,2001,1,10,1,89,96,0.010416666666666666,Cluster analysis,2001,3,10,2,96,96,0.03125,Graph drawing,2001,5,10,3,70,96,0.052083333333333336
Chemistry,2002,0,10,0,3,101,0.0,Multimedia,2002,1,10,1,89,101,0.009900990099009901,Cluster analysis,2002,0,10,2,96,101,0.0,Graph drawing,2002,1,10,3,70,101,0.009900990099009901
Chemistry,2003,0,10,0,3,102,0.0,Multimedia,2003,2,10,1,89,102,0.0196078431372549,Cluster analysis,2003,3,10,2,96,102,0.029411764705882353,Graph drawing,2003,2,10,3,70,102,0.0196078431372549
Chemistry,2004,0,10,0,3,97,0.0,Multimedia,2004,3,10,1,89,97,0.030927835051546393,Cluster analysis,2004,3,10,2,96,97,0.030927835051546393,Graph drawing,2004,3,10,3,70,97,0.030927835051546393
Chemistry,2005,1,10,0,3,119,0.008403361344537815,Multimedia,2005,1,10,1,89,119,0.008403361344537815,Cluster analysis,2005,4,10,2,96,119,0.03361344537815126,Graph drawing,2005,2,10,3,70,119,0.01680672268907563
Chemistry,2006,0,10,0,3,113,0.0,Multimedia,2006,2,10,1,89,113,0.017699115044247787,Cluster analysis,2006,3,10,2,96,113,0.02654867256637168,Graph drawing,2006,2,10,3,70,113,0.017699115044247787
Chemistry,2007,0,10,0,3,107,0.0,Multimedia,2007,4,10,1,89,107,0.037383177570093455,Cluster analysis,2007,1,10,2,96,107,0.009345794392523364,Graph drawing,2007,3,10,3,70,107,0.028037383177570093
Chemistry,2008,0,10,0,3,99,0.0,Multimedia,2008,3,10,1,89,99,0.030303030303030304,Cluster analysis,2008,5,10,2,96,99,0.050505050505050504,Graph drawing,2008,8,10,3,70,99,0.08080808080808081
Chemistry,2009,1,10,0,3,117,0.008547008547008548,Multimedia,2009,2,10,1,89,117,0.017094017094017096,Cluster analysis,2009,4,10,2,96,117,0.03418803418803419,Graph drawing,2009,4,10,3,70,117,0.03418803418803419
Chemistry,2010,0,10,0,3,109,0.0,Multimedia,2010,3,10,1,89,109,0.027522935779816515,Cluster analysis,2010,3,10,2,96,109,0.027522935779816515,Graph drawing,2010,2,10,3,70,109,0.01834862385321101
Chemistry,2011,0,10,0,3,119,0.0,Multimedia,2011,3,10,1,89,119,0.025210084033613446,Cluster analysis,2011,7,10,2,96,119,0.058823529411764705,Graph drawing,2011,3,10,3,70,119,0.025210084033613446
Chemistry,2012,0,10,0,3,116,0.0,Multimedia,2012,5,10,1,89,116,0.04310344827586207,Cluster analysis,2012,8,10,2,96,116,0.06896551724137931,Graph drawing,2012,2,10,3,70,116,0.017241379310344827
Chemistry,2013,0,10,0,3,101,0.0,Multimedia,2013,2,10,1,89,101,0.019801980198019802,Cluster analysis,2013,5,10,2,96,101,0.04950495049504951,Graph drawing,2013,3,10,3,70,101,0.0297029702970297
Chemistry,2014,1,10,0,3,132,0.007575757575757576,Multimedia,2014,4,10,1,89,132,0.030303030303030304,Cluster analysis,2014,3,10,2,96,132,0.022727272727272728,Graph drawing,2014,1,10,3,70,132,0.007575757575757576
Chemistry,2015,0,10,0,3,127,0.0,Multimedia,2015,6,10,1,89,127,0.047244094488188976,Cluster analysis,2015,3,10,2,96,127,0.023622047244094488,Graph drawing,2015,3,10,3,70,127,0.023622047244094488
Chemistry,2016,0,10,0,3,115,0.0,Multimedia,2016,5,10,1,89,115,0.043478260869565216,Cluster analysis,2016,2,10,2,96,115,0.017391304347826087,Graph drawing,2016,5,10,3,70,115,0.043478260869565216
Chemistry,2017,0,10,0,3,114,0.0,Multimedia,2017,3,10,1,89,114,0.02631578947368421,Cluster analysis,2017,8,10,2,96,114,0.07017543859649122,Graph drawing,2017,3,10,3,70,114,0.02631578947368421
Chemistry,2018,0,10,0,3,127,0.0,Multimedia,2018,2,10,1,89,127,0.015748031496062992,Cluster analysis,2018,5,10,2,96,127,0.03937007874015748,Graph drawing,2018,3,10,3,70,127,0.023622047244094488
Chemistry,2019,0,10,0,3,129,0.0,Multimedia,2019,4,10,1,89,129,0.031007751937984496,Cluster analysis,2019,4,10,2,96,129,0.031007751937984496,Graph drawing,2019,3,10,3,70,129,0.023255813953488372
Chemistry,2020,0,10,0,3,157,0.0,Multimedia,2020,5,10,1,89,157,0.03184713375796178,Cluster analysis,2020,5,10,2,96,157,0.03184713375796178,Graph drawing,2020,4,10,3,70,157,0.025477707006369428
Chemistry,2021,0,10,0,3,169,0.0,Multimedia,2021,11,10,1,89,169,0.0650887573964497,Cluster analysis,2021,4,10,2,96,169,0.023668639053254437,Graph drawing,2021,3,10,3,70,169,0.01775147928994083
